,Label
0,3380590.8
1,236587.75
4,547880.5
5,1476451.0
6,507772.0
7,606085.75
8,3228651.2
9,1156914.5
10,904486.5
11,238683.25
12,518926.0
13,328194.0
14,458260.0
15,267748.5
19,316613.5
20,236587.75
21,514361.25
22,271657.0
23,452728.0
25,279805.5
26,1017177.5
27,218961.25
29,678651.0
31,399781.0
32,778670.75
33,295405.75
35,581104.0
36,1257164.0
37,974319.25
38,5500211.0
39,486603.75
40,2606264.5
42,316059.25
43,211942.25
44,247732.5
45,569900.5
46,107348590.0
48,396895.75
50,317627.5
51,380221.75
52,471247.5
53,273604.75
54,701978.5
55,5818927.0
56,555449.5
57,630183.75
58,10179866.0
60,204311.25
61,417927.5
63,333153.5
64,2252958.0
65,488670.0
66,250826.75
67,241339.5
68,530136.75
69,452602.75
70,229624.5
72,220127.5
74,457731.5
75,552050.75
77,242410.25
78,518926.0
79,1048657.5
80,1014364.5
81,227067.0
83,633300.0
84,255991.25
85,444694.0
87,279805.5
88,581719.5
89,374228.5
90,703210.0
92,297331.0
93,540389.75
94,223537.25
95,581719.5
96,511664.0
97,1495225.5
98,356341.25
101,2013171.5
102,233954.0
103,1053439.8
104,1650184.0
106,206056600.0
107,563473.0
108,81179720.0
109,712785.25
110,377631.0
111,947315.75
112,323090.5
114,7348889.5
117,428774.0
118,500730.0
119,1538663.5
120,480805.75
122,690055.75
124,5184834.0
125,583742.0
126,530248.0
127,735905.0
128,361394.0
129,604903.0
130,252953.0
131,535436.5
132,730766.0
133,220071.0
134,1212419.0
135,756762.0
137,903375.25
138,463635.0
139,249664.5
140,553357.5
141,8320072.5
143,282912.0
144,408095.25
145,992895.25
146,1053167.0
147,3758521.2
148,19746886.0
149,761863.0
150,1795790.0
151,357843.5
152,360042.5
153,1088911.8
154,356275.0
156,898839.25
157,692386.0
158,8279258.5
160,2103950.2
161,528309.25
162,526993.5
163,1310670.0
164,2134058.5
165,612568.75
166,308103.75
167,264174.5
168,233012.75
170,1015482.75
172,5486361.5
173,235517.25
174,543072.25
175,3438003.8
176,1080002.0
177,315950.25
178,235517.25
179,403183.5
180,306694.25
181,499439.0
182,24730992.0
183,973978.5
184,897745.0
185,380710.0
186,576052.0
187,638887.0
189,362674.5
190,244232.5
191,766357.75
192,478241.25
193,2096564.0
195,173623.0
196,18626016.0
198,277163.75
199,466080.5
201,335539.0
202,487306.0
203,691524.5
205,959397.5
206,560492.5
208,4144632.5
209,513616.5
212,448950.5
213,1252191.0
215,1558235.5
218,439331.0
219,248572.75
221,292888.25
222,403817.0
223,1774782.8
224,358922.75
225,872932.75
226,728265.5
228,307882.25
229,249919.75
230,1130203.5
231,276919.5
232,226115.25
233,239467.5
234,2178082.0
235,385386.0
236,10651998.0
237,424967.0
238,463635.25
240,1125452.0
241,912044.5
242,1311469.0
244,1027845.5
248,293541.0
249,228136.5
250,2938682.2
252,706502.0
253,10975002.0
254,423850.5
255,265376.25
256,299891.75
258,1539628.0
260,30861680.0
261,484235.25
262,470396.5
263,12697410.0
264,694193.5
265,440735.0
266,353414.75
267,2097250.5
270,666019.0
271,245556.25
273,245446.0
274,3240328.5
275,3902508.8
276,1014932.5
277,535528.0
279,38923130.0
280,440121.75
281,285839.25
283,1052073.0
285,429223.0
286,333153.5
287,163538.5
288,572901.5
289,593135.5
290,659663.5
292,322149.75
293,440224.75
294,622097.5
295,314783.25
296,416470.25
298,1360614.0
299,2655873.0
301,1055395.0
302,4440307.0
303,491534.75
305,71556350.0
307,532330.5
308,1254558.0
309,298120.75
310,370055.0
311,241526.75
312,301397.0
313,221836.75
316,225524.75
317,1623023.0
318,530136.75
319,331523.5
320,379691.25
322,232460.0
324,415915.25
325,573011.0
326,1262543.5
327,418785.25
328,636796.0
329,1020922.25
330,225933.25
331,1177567.5
332,17601902.0
333,527831.0
335,244992.0
336,979132.25
337,501947.5
338,469834.5
339,251420.5
340,907266.5
342,428587.0
343,261577.0
345,424043.0
346,520620.0
347,715802.75
348,1001283.25
349,270466.0
351,968925.0
352,624904.5
353,359447.25
354,305297.75
355,514770.0
356,279755.0
357,270209.25
358,921802.0
359,3260792.8
360,450829.0
361,514119.0
362,631519.25
363,404767.25
364,233827.0
366,334472.75
367,509930.75
368,253791.25
370,309288.75
371,329909.0
372,242910.5
374,224999.0
375,420340.0
376,403612.25
377,1486023.5
378,607611.5
379,1347234.5
380,248908.25
381,248856.0
382,488594.0
385,234444.5
386,335532.0
387,1555447.5
390,279805.5
391,322615.25
392,273751.0
393,2033885.8
394,2575989.5
396,302176.75
397,751190.5
399,328827.5
400,246795.5
401,274680.0
402,240049.0
404,269985.25
405,269908.25
406,650424.5
408,699077.75
409,362912.5
410,284116.5
411,421811.75
412,383179.0
413,1235269.0
415,367964400.0
420,47221372.0
422,24541584.0
423,559715.75
424,301824.75
425,996609.75
426,500669.25
428,5370241.0
429,625871.0
431,258879.75
432,145071260.0
433,575156.75
436,7257389.5
437,414043.5
438,248168.25
440,378603.75
441,242027.75
443,4994435.5
444,427088.0
445,424682.25
446,704843.5
448,511648.0
449,216441.25
450,478347.5
451,181622.0
452,238051.0
453,531445.0
454,301500.25
456,3121662.8
457,400531.25
458,261291.75
459,1033233.0
460,328675.0
461,370603.25
462,770015.25
463,642814.75
466,284135.0
468,322751.5
470,230933.75
472,2645883.2
473,248856.0
474,2204961.0
475,308103.75
476,346102.75
477,626965.5
478,554877.5
479,1056574.0
480,561300.75
481,294285.5
482,1172272.8
483,561307.75
484,663247.5
486,291627.5
487,822952.0
488,468292.5
489,871538.5
490,232299.0
492,944706.0
493,953459.25
494,396239.0
495,329067.25
496,5395528.0
497,331523.5
498,8356690.5
499,362749.5
500,381982.5
502,478986.5
503,1361952.5
504,464356.5
505,257412.75
506,420376.25
507,421614.75
508,987271.5
509,526849.5
510,1372624.8
511,1014132.25
514,236148.75
518,239479.75
519,736292.0
520,459109.5
521,263957.5
522,251687.25
524,1275030.0
525,322583.5
526,710564.5
527,5986810.0
528,982005.5
529,336031.25
530,272750.5
531,390521.5
533,378062.5
534,392400.25
535,227334.25
540,346619.0
541,1212419.0
544,377898.5
545,335539.0
546,233012.75
548,1343483.5
549,332622.5
550,670103.0
551,298215.5
552,606517.0
556,548214.0
559,1123816.2
560,1198755.5
561,2956948.5
562,6132211.5
563,530136.75
564,278185.5
565,568013.0
566,225460.75
570,515707.5
571,270466.0
573,451154.5
574,661856.0
575,441858.5
577,420494.75
578,458306.0
579,1345335.5
580,169028.5
581,314178.25
582,286673.0
584,1449285.2
586,6151100.0
587,1174979.5
591,248908.25
592,13486886.0
593,601051.0
595,263558.0
596,3420225.2
597,220168.75
598,333409.0
600,504778.0
601,239576.0
602,396312.5
604,10098342.0
605,563473.0
606,606518.0
607,221265.0
608,259166.25
609,560110.25
610,582544.5
611,472177.25
612,863308.0
613,729768.25
614,433939.0
616,1338378.0
617,236693.5
618,5096303.5
619,1605061.0
620,238051.0
621,1404824.0
623,739270.25
624,524015.0
626,503612.0
627,434862.5
628,240608.0
629,288916.5
630,231942.25
631,1751948.0
634,5455964.5
636,331334.0
637,374822.5
638,231942.25
639,254826.0
640,2998571.2
641,1497118.0
642,302879.5
643,327213.5
645,346328.75
646,380937.5
649,521242.75
650,9186234.0
652,963855.5
653,560492.5
654,420175.5
655,3190094.8
656,385254.0
657,235577.25
659,1638275.8
661,5631300.0
662,958740.0
663,215484.75
664,121320400.0
667,339466.0
668,515498.25
669,430839.75
671,959006.0
672,448266.0
674,744499.75
677,626175.5
679,727496.5
680,385593.0
681,1010136.0
683,309967650.0
684,234663.5
685,383624.0
686,803562.75
687,426830.5
688,3097749.5
689,245579.75
690,643376.0
691,952451.0
694,2353603.2
695,426869.5
697,291994.0
700,6187366.0
701,1164589.0
702,256168.75
703,15441766.0
704,568345.75
705,257718.25
706,694447.5
707,1219700.0
708,349575.0
709,916914.25
711,1095678.0
712,807056.75
715,564651.0
716,216472.0
717,650830.0
718,607305.5
720,557519.0
721,1543506.0
722,801290.5
723,374413.5
724,590112.75
725,714506.5
726,261676.5
727,215701.25
728,422958.5
731,663816.75
732,1065149.8
734,281271.0
735,371724.5
736,413726.25
737,1016706.5
738,393858.5
739,676222.25
740,851018.75
741,1526352.5
743,317999.0
744,395061.75
745,521854.75
746,211725.5
747,893787.5
750,973061.75
751,665929.75
754,335539.0
755,1464513.0
757,215802.5
759,1566699.0
762,3382390.8
763,957536.5
764,374343.75
765,271678.0
766,605805.0
767,1020587.25
768,31425880.0
769,2459215.0
770,434071.0
771,1114989.0
773,301640.5
774,299392.0
776,8525031.0
777,390585.25
778,233012.75
780,369479.5
782,1021583.0
783,530082.0
784,79727630.0
786,1142667.0
787,2532604.2
789,682328.5
790,829168.25
791,315410.0
792,338567.0
793,735760.25
794,832024.25
795,743738.0
797,292888.25
798,7992161.5
799,404833.25
801,540567.0
802,291170.25
803,423637.25
804,621800.5
805,468960.5
806,692018.5
808,1413069.5
809,1186419.0
810,230393.25
811,402960.5
812,351039.25
813,12914176.0
814,751190.5
820,211622.25
821,237422.0
822,259160.0
824,1290514.5
825,236190.25
826,214223.5
827,777663.5
828,953225.5
829,1382967.2
830,879782.5
831,343416.5
832,226715.0
833,346127.75
834,227246.25
835,894652.75
836,418254.0
837,38031190.0
838,1241397.5
839,851066.0
840,232460.0
841,309288.75
843,372605.25
844,560492.5
846,547498.5
847,461124830.0
848,1012003.0
850,429590.5
851,270058.25
852,1004880.0
853,353479.25
854,519924.25
855,759139.25
856,446233.75
859,297888.25
860,412603.5
861,378357.25
863,235331.75
865,401798.0
866,2406445.0
867,633743.25
868,513328.5
869,408016.25
870,231499.0
871,702702.75
872,119954960.0
873,313407.75
875,2718113.5
876,547068.0
877,367322.0
878,237399.75
879,1075057.2
880,432753.75
881,487086.0
882,231689.5
883,1136972.5
884,348646.25
888,3890595.0
889,824435.25
890,378185540.0
891,736256.75
892,1392027.0
894,6152476.0
895,1033194.0
896,216441.25
897,451154.5
899,2199101.5
900,323299.5
901,353376.0
902,581719.5
903,384116.0
904,487457.0
905,855536.0
906,441374.25
908,1150733.0
909,713350.0
910,231189.5
911,633048.75
913,751793.0
914,430839.75
915,2048099.0
917,270209.25
918,212857.5
919,600485.5
920,264255.0
921,244158.0
923,594584.0
924,219559.5
925,76323340.0
926,481821.5
927,629216.75
928,262959.75
929,2816212.5
930,632747.75
931,818304.5
932,444786.75
933,16296126.0
934,222978.25
935,331523.5
936,715998.0
937,374413.5
938,620109.75
939,729698.5
940,394040.75
942,348857.25
943,686680.0
945,367684.75
946,725547.0
947,272909.25
948,451154.5
950,41893450.0
952,167876020.0
953,478720.5
954,239479.75
956,322149.75
957,600611.25
958,219647.0
959,400313.5
960,514119.0
961,508904.5
962,3094435.5
963,1839766.8
964,257718.25
965,1293296.0
966,581285.0
967,1380948.2
968,609441.25
969,413949.25
970,236587.75
971,263558.0
972,510504.5
973,279805.5
974,305388.5
975,463635.0
976,211191.25
977,5378507.5
978,1206091.2
979,2593432.0
980,470239.5
981,1815826.5
982,244653.75
983,1395747.2
985,164464200.0
986,521760.25
988,560492.5
989,617179.25
990,420594.5
993,249746.5
995,261758.25
996,283223.0
997,273901.75
998,314638.0
999,227559.25
1000,940808.0
1001,444294.5
1002,961474.0
1003,266113.5
1004,234444.5
1005,337694.0
1007,263421.0
1010,242057.5
1011,1358600.2
1012,5805547.5
1013,614936.25
1014,432462.5
1018,389039.75
1019,596504.75
1020,279805.5
1022,709869.5
1023,532254.0
1024,309414.25
1025,243024.5
1026,408625.25
1028,1161649.2
1030,53766744.0
1031,397667.0
1033,306604.0
1035,214514.75
1036,2712660.5
1039,264405.75
1042,226041.0
1043,512541.5
1044,18553816.0
1045,261095.75
1046,294922.0
1047,335539.0
1048,563451.0
1049,539914.0
1050,682973.0
1051,327132.25
1052,532463.0
1053,351039.25
1054,348346.75
1055,289723.25
1056,276436.75
1057,268894.5
1058,4208780.0
1062,389691.75
1063,537759.25
1065,397069.0
1066,642512.25
1068,468292.5
1069,950432.75
1070,2343085.0
1071,6641662.0
1072,2213015.8
1075,575602.5
1076,260657.0
1078,710248.0
1079,362087.5
1080,378686.25
1082,3350842.8
1083,349081.0
1084,545421.25
1086,1382933.2
1087,1117262.5
1088,296529.5
1090,439546.5
1091,636647.5
1092,487283.25
1093,426195.75
1095,478788.75
1096,2268202.0
1097,242539.75
1098,505916.0
1099,2264445.0
1101,6325103.5
1102,625871.0
1103,2300944.0
1104,378912.0
1105,991200.5
1108,1897725.8
1111,658817.0
1113,540567.0
1114,256114.75
1118,4242001.5
1119,707678.5
1120,814600.0
1121,371148.0
1122,10966694.0
1123,261427.0
1124,260325.75
1125,289155.5
1127,682561.25
1128,1252695.8
1129,518926.0
1130,468292.5
1131,864762.5
1132,428500.0
1133,387130.5
1134,1660103.5
1135,575953.5
1136,612522.5
1137,890357.0
1138,372735.0
1139,403183.5
1141,303691.5
1143,453633.75
1145,511648.0
1146,377306.0
1147,513682.25
1148,1255783.8
1150,618570.0
1151,280451.25
1153,423850.5
1155,291253.5
1156,1787468.5
1157,706405.25
1159,442750.75
1161,214664.0
1162,361394.0
1163,262540.0
1166,437198.0
1167,575117.25
1168,1262729.0
1170,859148.0
1172,225848.0
1174,306661.0
1176,1254191.2
1177,356907.75
1178,1365263.0
1180,8374736.5
1182,1292722.5
1183,4049612.0
1184,268300.5
1185,560492.5
1186,1022161.5
1188,1014364.5
1189,1548768.0
1191,219212.5
1192,263697.5
1193,604770.75
1195,391503.75
1196,243734.5
1197,4440307.0
1198,686680.0
1199,429464.5
1200,336240.0
1202,1030242.5
1203,410901.25
1205,344354.25
1206,272909.25
1207,1140461.0
1208,677094.25
1209,226835.5
1210,1748294.0
1211,1058925.5
1212,1613302.5
1213,224999.0
1215,832173.5
1217,3695928.8
1218,114640344.0
1219,872238.0
1221,563473.0
1222,1131726.0
1223,1320974.5
1225,538995.75
1226,369697.25
1227,737185.5
1229,490312.0
1230,748691.75
1235,435321.0
1236,8106275.5
1237,523212.75
1238,396969.5
1239,340319.25
1240,282871.5
1241,973978.5
1243,1513011.0
1244,423982.75
1247,333153.5
1248,538655.25
1249,526774.5
1250,1642477.0
1252,2327741.8
1253,214606.0
1254,434183.25
1255,226744.75
1256,1434605.5
1257,215484.75
1258,491347.0
1259,231942.25
1260,846794.0
1261,203102110.0
1262,1073350.8
1265,575156.75
1266,362815.25
1268,1053261.2
1270,755997.5
1271,430321.25
1272,5508770.0
1273,666867.5
1275,216730.25
1277,214664.0
1278,421614.75
1279,257403.5
1282,1225471.5
1285,1591407.5
1286,392253.5
1290,359542.75
1291,1270470.5
1292,820452.5
1294,1654840.0
1297,978930.25
1298,269363.0
1299,561681.25
1300,1685695.8
1301,688131.0
1302,270209.25
1303,785503.75
1305,1413711.0
1307,1001829.5
1308,666281.75
1310,850592.75
1311,219212.5
1312,322149.75
1313,237364.0
1314,2364821.5
1315,493014.25
1317,5414281.0
1318,294922.0
1319,69910340.0
1321,847714.0
1322,1242250.5
1325,4960583.5
1326,768995.5
1328,277297.0
1329,488409.5
1330,216441.25
1332,260252.75
1333,220809.0
1334,1584279.0
1335,211645.25
1336,239347.25
1337,620404.0
1338,905172.0
1340,337194.5
1341,1161099.0
1342,2216962.8
1343,215484.75
1344,536099.75
1346,724456.0
1347,227246.25
1348,563473.0
1349,352132.75
1350,866637.5
1351,236587.75
1352,488409.5
1353,368050.75
1354,2078021.0
1355,2306053.5
1356,245630.5
1358,304215.5
1359,245627.25
1360,4646617.5
1361,659362.0
1362,941312.5
1364,251461.25
1365,4154485.2
1366,5673715.5
1367,259661.0
1368,882277.25
1369,324493.0
1370,622954.5
1374,274680.0
1376,337544.5
1378,294672.0
1380,465958.75
1381,2618563.5
1382,270420.25
1383,475258.0
1384,1294517.0
1386,338065.5
1387,1220461.5
1388,475827.0
1390,158818500.0
1391,285576.25
1392,260711.0
1393,335539.0
1395,685238.5
1397,227158.0
1398,309904.75
1399,374822.5
1401,560492.5
1403,453353.75
1404,639838.5
1405,495587.0
1406,4541798.0
1408,1679097.8
1409,434862.5
1410,4440307.0
1412,17191336.0
1413,355623.5
1414,354801.25
1415,266527.0
1416,470396.5
1418,302444.5
1419,1041014.0
1420,233095.25
1421,233827.0
1422,686243.5
1423,406814.5
1424,3019462.2
1425,1034634.0
1427,253726.75
1428,13310896.0
1431,226123.25
1432,1382784.0
1433,4353881.0
1435,226041.0
1436,476079.25
1437,828156.5
1439,674679.25
1440,1304470.8
1441,306759.75
1443,691004.5
1444,1087204.0
1445,364848.0
1446,1045566.5
1447,825859.75
1448,684247.5
1450,634187.5
1451,619230.5
1452,849295.5
1453,659202.5
1454,2299468.0
1455,12959054.0
1456,862894.0
1460,263558.0
1461,2228799.8
1462,349081.0
1463,471803.0
1464,566490.25
1466,430839.75
1467,522618.0
1468,872285.5
1469,271428.5
1470,261427.0
1472,236564.0
1473,275931.0
1474,221999.75
1475,740106.25
1476,1104804.2
1477,267748.5
1479,1591683.5
1480,264397.75
1481,230445.25
1482,502387.0
1483,237303.75
1484,1075799.5
1485,263220.75
1486,1115228.5
1487,6838161.0
1488,2359012.8
1490,647111.0
1491,308928.5
1492,952451.0
1493,2232059.5
1495,2206794.2
1496,1270323.5
1497,218975.0
1499,211175.0
1500,1088456.8
1501,220471.5
1502,285318.75
1503,434987.75
1504,249415.5
1505,453085.75
1506,1602124.0
1507,1056977.5
1508,618000.75
1509,853845.5
1510,356453.75
1511,718854.75
1513,1464364.5
1514,803081.5
1515,645055.5
1516,7829032.5
1517,847769.5
1518,57555480.0
1519,2216141.5
1520,319280.0
1521,1203282.0
1522,1529618.5
1523,372042.0
1524,235041.0
1525,251855.75
1526,549343.75
1527,227559.25
1528,1011513.25
1529,214623.0
1530,2239318.2
1531,659017.5
1532,351338.25
1533,1222513.0
1535,891643.0
1536,257937.5
1537,886201.75
1538,435167.75
1539,377306.0
1540,34839510.0
1541,212980.0
1542,842303.5
1544,531065.5
1545,417009.5
1547,413949.25
1548,417078.5
1549,2001903.8
1550,962343.5
1552,526033.5
1553,348706.75
1555,462238.0
1556,368617.5
1557,216441.25
1558,233012.75
1559,222932.0
1560,663816.75
1561,691115.0
1562,634318.0
1563,340347.75
1565,248856.0
1566,1296178.2
1567,29000460.0
1568,344187.25
1569,648450.75
1570,344606.75
1572,402368.75
1573,963252.5
1574,1589835.0
1575,412450.25
1576,567643.0
1577,283239.25
1580,278134.25
1581,239479.75
1582,267495.0
1583,866637.5
1584,1261168.5
1585,253924.5
1586,1202454.2
1587,954605.5
1588,582731.5
1589,510506.5
1590,365381.5
1591,71248184.0
1592,349899.5
1593,410011.0
1597,233730.75
1598,363555.5
1599,589568.25
1600,911525.0
1601,996980.75
1602,450829.0
1604,408967.5
1605,333153.5
1606,420376.25
1607,546446.75
1608,439810.0
1609,423782.0
1610,1014999.0
1611,221759.75
1613,434384.5
1614,230172.0
1615,1358269.0
1617,2148671.5
1618,574103.0
1619,13400352.0
1620,983353.5
1622,662283.5
1623,172388.5
1624,844416.0
1625,288988.75
1627,346102.75
1628,968704.0
1629,363481.5
1632,1202708.2
1633,3529273.2
1634,227559.25
1635,587995.0
1636,335539.0
1637,362528.5
1638,223637.5
1640,1024107.0
1642,211725.5
1644,402520.0
1645,342836.75
1646,577072.75
1647,281608.5
1648,1018091.75
1649,1942025.8
1651,699692.75
1654,608490.5
1655,1593352.5
1656,644344.0
1658,2354097.5
1659,515707.5
1660,4292893.0
1661,356341.25
1662,459274.5
1663,451522.0
1664,263957.5
1666,663488.5
1667,800265.5
1668,232300.25
1669,366574.25
1671,748018.0
1673,968004.5
1674,2035144.0
1675,2472437.8
1676,463635.0
1678,427907.5
1680,291424.0
1682,423367.25
1683,1112523.5
1685,339526.25
1686,422689.0
1687,466080.5
1688,547269.75
1689,463974.0
1691,625817.5
1692,401170.5
1693,488462.75
1695,189905490.0
1696,1038646.5
1697,1234421.0
1698,623326.25
1699,342906.25
1701,230352.75
1702,941091.0
1703,304563.25
1705,348629.0
1706,1804897.0
1707,3714369.8
1708,351547.0
1709,813776.5
1710,744499.75
1711,429148.0
1713,6131290.5
1714,1696359.0
1715,491882.25
1716,356555.0
1717,1678394.5
1718,227965.25
1719,765650.5
1720,282293.0
1721,615594.0
1722,324493.0
1724,318415.0
1725,400411.25
1726,2421866.0
1727,269985.25
1728,301397.0
1730,513245.5
1731,179962.0
1732,237780.25
1734,540956.5
1738,466080.5
1739,346223.0
1740,817521.5
1741,560016.75
1743,532635.75
1745,670282.25
1746,258321.25
1748,376932.5
1750,335539.0
1751,1251925.0
1752,361640.5
1753,309288.75
1754,385249.75
1755,790560.75
1757,476690.0
1758,396512.75
1760,791483.5
1761,607670.5
1762,1447431.0
1764,905511.25
1766,219775.5
1767,458283.75
1768,518926.0
1769,2280219.5
1770,657147.75
1771,531663.0
1772,390526.5
1774,13368536.0
1775,649405.0
1776,463635.0
1777,1182159.5
1778,2689243.0
1779,1964046.8
1780,333153.5
1781,761224.5
1783,440224.75
1784,235563.0
1786,651564.25
1787,1309011.0
1788,220076.0
1789,32754544.0
1790,1498427.0
1791,4242001.5
1792,959041.5
1793,404201.75
1795,2003318.5
1796,2188292.0
1797,463957.0
1798,576971.0
1799,8202633.0
1800,1045942.5
1801,241566.25
1802,595424.5
1803,621300.5
1804,623558.0
1805,483764.0
1806,27732156.0
1810,9598852.0
1811,4708478.0
1813,1749221.8
1814,1025395.5
1815,830627.75
1816,7309874.5
1820,1238390.5
1821,1007497.5
1826,2224842.0
1827,3875821.8
1829,428199.75
1830,106908104.0
1832,1816187.0
1833,695672.0
1834,4699256.0
1836,1288250.0
1838,785716.5
1843,186276.0
1845,1952522.2
1846,3809233.0
1847,9379326.0
1854,1898924.5
1857,1764918.0
1858,415103.5
1860,4405153.5
1864,810417.75
1865,145793.25
1868,1592711.0
1869,1645540.5
1873,6170934.5
1876,140872.5
1877,1742750.2
1881,1808969.0
1892,1278635.2
1896,2225908.0
1901,173858.5
1903,2722140.5
1904,295463.25
1909,1528755.2
1911,1711204.0
1912,2378554.0
1917,275821.0
1918,5810128.0
1919,815348.5
1932,2010795.2
1933,2738358.5
1937,1895995.0
1940,62566990.0
1941,599874.25
1942,2331909.0
1943,304185.75
1946,5434490.5
1947,2782185.0
1948,435448.5
1952,306426.0
1954,210520.25
1957,1264642.5
1959,2216829.8
1963,1054803.0
1965,2248729.8
1967,425167.0
1969,1380595.2
1970,245400.0
1972,2222717.5
1976,624585.5
1978,276771.0
1979,1508718.5
1980,3044157.2
1985,144089.5
1986,2314500.5
1988,1327927.0
1990,4695614.0
1992,1717496.2
1995,1212081.0
1997,2175016.0
1999,3746756.5
2003,1175735.2
2006,872187.5
2010,2548432.8
2011,2418882.5
2012,7399398.5
2018,753691.0
2021,1609251.5
2022,786104.5
2024,2941479.5
2025,586668.5
2026,385981.5
2028,1485400.5
2030,283499.25
2033,4415218.0
2041,1592705.5
2048,369283.0
2049,2391519.0
2050,464631.75
2051,111805.0
2052,2248485.0
2053,792289.5
2054,284261.0
2057,11036100.0
2059,2228468.8
2060,223955.5
2062,4115642.5
2065,2160600.5
2066,1783211.5
2069,1986440.5
2071,470071.0
2072,1166407.0
2073,1406296.0
2075,1362604.5
2077,808349.5
2078,2435132.2
2079,217262.75
2080,3635779.8
2081,9764290.0
2083,5442495.5
2084,439787.0
2085,12057848.0
2086,1671682.0
2093,986743.0
2094,1066566.2
2100,2553198.0
2101,804530.75
2103,2360819.8
2104,658358.25
2106,249068.25
2107,604822.5
2108,366860.75
2111,3153779.2
2115,520744.75
2118,1946741.0
2119,757410.5
2120,8364363.0
2121,686775.5
2124,2304940.8
2128,1020579.5
2129,283773.75
2131,372943.5
2133,4334062.5
2134,214779.25
2137,4954569.5
2141,12581084.0
2146,1737440.5
2148,265142.5
2151,1343976.0
2152,2284685.2
2160,2708075.5
2165,3082815.8
2171,3903327.2
2172,1372244.5
2174,2268406.8
2175,281106.5
2176,750148.0
2177,2077017.5
2178,52018.75
2179,3015529.5
2180,1386866.0
2181,2815483.0
2183,614333.75
2185,354197.75
2186,1617112.0
2187,1651268.0
2188,2724347.5
2190,803487.5
2193,5208796.0
2197,1077952.0
2198,2586467.8
2200,1074153.2
2201,38242788.0
2202,649845.25
2203,143667.75
2206,488997.0
2212,1590909.8
2217,1625063.5
2218,1314015.0
2219,2647269.5
2222,546210.25
2223,6389160.5
2224,1352267.5
2229,934544.5
2237,684936.75
2239,446687.25
2244,112686.0
2245,2460460.8
2247,883545.25
2255,1458868.5
2257,2641638.8
2258,246956.25
2262,389236.25
2263,4003061.0
2265,4139308.5
2266,1029501.5
2267,2177672.2
2270,1315327.5
2272,1121957.0
2275,3372395.0
2276,270862.25
2277,1376880.0
2280,4885575.0
2282,489673.75
2283,4545179.5
2286,896047.5
2289,811368.75
2291,1811398.0
2294,3251444.2
2296,3058891.5
2298,3897105.5
2299,1839150.5
2300,1592919.2
2302,949370.5
2304,2325065.2
2309,584108.25
2311,2750055.0
2312,1814966.8
2313,841078.25
2314,1263010.8
2318,2331516.5
2319,15455962.0
2320,2578946.2
2321,1863970.0
2322,110052.0
2324,536900.75
2327,1398279.0
2330,849563.5
2332,1833578.0
2333,805744.0
2335,1572385.8
2338,889834.75
2341,3951961.8
2342,5933381.0
2343,5793164.0
2344,944652.0
2349,693853.0
2350,2077482.8
2351,1507212.2
2352,2464223.8
2353,482338.25
2358,1086347.8
2359,1246255.0
2361,7281794.5
2363,2158009.0
2366,1632730.8
2369,9526738.0
2370,552699.0
2371,3260468.5
2372,2812578.5
2376,2212610.5
2382,1631904.8
2383,1084351.8
2386,2187897.5
2387,815164.75
2388,592827.0
2390,8969365.0
2391,3004965.5
2392,3405358.8
2394,2933113.8
2396,1497478.0
2399,2379450.8
2403,821311.25
2404,1201170.5
2405,6081015.0
2408,947429.0
2415,2227526.2
2416,915103.75
2417,1465539.0
2421,2463071.8
2423,428790.25
2424,5554031.0
2426,2193580.5
2427,1487694.5
2429,482172.0
2432,630393.0
2435,1422711.8
2436,4729788.0
2437,682092.0
2438,1726018.5
2439,2199257.8
2441,1291634.8
2443,1636646.0
2445,1130117.2
2446,1067140.5
2447,3885907.2
2448,2513234.5
2451,1018451.0
2461,1196634.0
2466,133693.5
2467,2953824.8
2470,432202.0
2473,185357.0
2474,2584128.2
2475,1097997.0
2477,8050081.0
2478,914362.25
2479,1372006.5
2490,2708735.8
2494,2417504.8
2496,648079.5
2498,306998.0
2502,1242644.0
2504,659599.0
2506,275065.75
2507,1094097.5
2509,2534497.5
2511,934650.0
2521,1587380.5
2523,573261.5
2525,1875672.0
2526,176102.75
2529,668588.25
2530,1434533.8
2535,175330.5
2536,535736.0
2540,1670811.5
2541,269510.5
2544,713988.0
2545,3179457.2
2547,4532620.0
2552,1568139.0
2553,2497684.0
2561,1724300.5
2562,1006187.5
2566,347802.0
2571,219368.25
2572,1776233.0
2573,1239064.5
2574,871795.75
2576,1052880.5
2578,3071338.0
2580,943700.0
2581,5334843.5
2583,424698.5
2584,1021879.0
2586,1402171.0
2588,8144010.5
2590,74256120.0
2593,4759569.5
2594,1243543.0
2599,629576.0
2600,2063355.5
2602,762065.0
2604,1074797.2
2608,5108035.5
2616,2187559.2
2619,1082610.0
2621,1638641.5
2622,9510130.0
2623,152585.75
2625,2915775.2
2633,979997.0
2636,5332225.0
2637,1069908.2
2642,118445.5
2643,713509.5
2646,1047493.5
2652,686034.75
2653,5715369.0
2655,255032.25
2656,280243.0
2659,1318240.0
2660,1662357.2
2661,767407.25
2665,1489529.5
2666,21239476.0
2670,2134265.5
2671,1981054.5
2672,1181797.5
2673,3641215.2
2675,3440653.2
2684,1353617.5
2686,1419272.0
2688,4558662.5
2690,647735.5
2691,1561839.0
2693,1209171.5
2694,400831.0
2697,1617153.2
2699,1375651.8
2702,1709786.2
2704,1304266.5
2707,5291017.0
2709,1025509.25
2710,264547.75
2712,217204.75
2714,606267.0
2717,3007773.5
2719,1558170.0
2722,4519471.0
2723,925863.75
2726,119358.5
2728,489729.75
2731,1632657.5
2733,500115.5
2736,3165716.2
2737,4900147.5
2738,1762304.5
2746,206444.75
2749,2492472.0
2750,420277.0
2753,1067325.5
2755,852758.25
2761,1218700.5
2763,7111201.5
2766,2310673.0
2767,1932999.2
2768,815112.25
2770,521926.5
2771,2648553.2
2775,284495.0
2776,5668611.5
2777,1529333.0
2783,5775939.5
2784,843941.5
2787,174587.75
2788,7717311.5
2789,2464513.5
2790,1582219.2
2793,2090446.0
2795,200211.75
2797,1177468.8
2798,1285359.0
2799,28097388.0
2800,1210971.5
2803,270246.5
2811,1895576.5
2812,1562704.8
2813,3494239.0
2815,1617838.8
2817,3216622.2
2818,1237694.0
2820,279177.0
2821,6890120.0
2822,2990860.8
2826,1120862.0
2830,6997862.0
2833,858315.5
2839,1270221.0
2840,220916.0
2843,203794.75
2845,431665.25
2848,192564.25
2849,775014.5
2855,1493653.0
2856,2169010.8
2857,2966890.2
2858,1298403.0
2860,2886002.5
2862,4702725.5
2864,1304730.2
2866,1999374.0
2867,32041144.0
2870,1037374.5
2871,1221932.0
2872,214872.0
2873,483727.75
2875,1434933.8
2878,535766.5
2879,117891.5
2884,11394708.0
2885,2049121.8
2888,4954547.5
2894,3252016.2
2895,1844727.5
2897,3020430.2
2898,224082610.0
2901,14296.5
2903,5512313.0
2906,995010.0
2910,1347763.8
2912,280290.0
2913,381040.75
2916,247481.0
2919,540058.5
2921,95416.0
2922,153644.25
2923,1475122.5
2924,1319339.5
2926,932005.5
2929,84199.0
2931,2636027.8
2932,561788.75
2933,21513184.0
2944,15426572.0
2949,1575140.0
2950,2313563.0
2957,7360131.5
2960,7906905.0
2961,589870.5
2963,1372250.5
2964,1490259.0
2966,4860364.5
2968,233260.0
2970,4871303.5
2974,1955425.8
2975,6059283.5
2976,4919833.5
2983,2512676.2
2985,420765.0
2987,2533400.8
2992,6369260.5
2993,987177.0
2998,23361656.0
3001,2932072.0
3003,1433752.5
3007,573804.5
3008,506328.0
3016,796013.25
3018,390012.75
3022,1656529.8
3024,838055.0
3027,239733.75
3029,3792788.5
3033,2917499.8
3035,1958182.5
3037,304322.0
3039,1560861.5
3041,13359600.0
3043,22568548.0
3045,1097673.5
3047,1485587.8
3048,779881.5
3050,3207815.5
3051,3840382.2
3054,350398.75
3055,691761.0
3056,1677689.5
3058,2608703.2
3060,1041980.0
3062,292991.5
3063,5152372.0
3067,3642422.0
3069,824354.75
3070,1410853.2
3071,3092391.0
3072,1591904.5
3074,6879735.0
3076,129544330.0
3077,636091.25
3078,1356843.0
3081,2194443.0
3083,985353.0
3084,445121.0
3093,3279084.5
3094,1023943.5
3095,1696971.2
3102,1403282.8
3104,2212371.8
3106,1513114.5
3109,5617484.0
3111,140183.5
3117,2042798.8
3118,867537.0
3120,2651775.0
3124,1773688.5
3125,297946.5
3129,1539416.0
3131,506358.0
3137,712578.0
3138,2177174.0
3139,394772.0
3142,549603.5
3148,1181914.8
3150,214077.75
3153,2390169.2
3155,4918309.5
3156,997468.0
3157,1010336.75
3158,642261.75
3159,513397.0
3160,9031000.0
3161,636049.5
3164,135320.5
3166,1378425.0
3167,2302390.0
3169,2165551.0
3170,2040851.8
3177,128026.75
3179,1527512.0
3183,2127448.0
3187,279784.5
3189,1336156.0
3191,595962.25
3193,2290792.5
3194,625784.25
3195,565338.5
3196,485163.0
3199,1204158.0
3200,302114.75
3202,686015.5
3203,2352503.8
3208,350386.5
3210,1649636.5
3213,828772.75
3218,781649.0
3219,1229069.0
3222,903676.0
3224,837844.5
3229,995992.5
3230,2393702.0
3232,230918.5
3234,8115556.0
3235,403965.75
3238,7840842.0
3242,1767829.0
3248,5124369.5
3255,4619130.0
3256,1239888.5
3257,1077698.0
3258,4012729.0
3260,1271758.8
3261,903284.75
3263,238044.75
3271,2328432.0
3273,711598.25
3277,2234619.0
3280,1269821.0
3282,442814.5
3288,1248507.8
3289,1344374.8
3290,1232571.0
3291,337975.0
3293,1311888.0
3294,796168.25
3297,1774596.8
3298,3051785.2
3300,363846.0
3302,5657215.0
3307,1736100.5
3314,5159053.5
3315,3224760.2
3316,1391600.8
3317,145795.25
3318,759298.5
3320,3787368.2
3322,2695547.8
3324,1337036.0
3325,295359.75
3326,488272.0
3327,1609764.5
3328,818615.0
3341,638320.0
3342,24158166.0
3343,3638554.5
3344,1678466.0
3346,539662.5
3352,2231092.8
3353,802146.75
3356,1440472.5
3360,6366822.0
3361,1211043.8
3365,516790.25
3368,757021.75
3374,1342698.0
3378,1835347.5
3382,6123865.0
3383,1043457.5
3387,2046552.2
3388,1808503.2
3392,387234.5
3393,766541.75
3395,1114623.0
3402,2829486.2
3404,1732124.5
3405,1182202.5
3407,197461.25
3408,3771392.0
3409,1066646.0
3410,10217724.0
3413,1365980.8
3414,16189236.0
3415,1610870.2
3418,566545.75
3419,345999.0
3420,1199402.0
3423,1301506.0
3425,172845.25
3431,1344837.5
3433,1617827.8
3440,1226057.8
3441,829892.25
3442,2480643.5
3449,2670481.0
3454,208516.5
3455,307760.75
3460,470734.25
3461,2681497.8
3462,1191290.5
3463,2568683.0
3466,164541.5
3469,1909104.0
3471,7971608.0
3476,5692165.0
3482,3222505.0
3483,174831.5
3485,361999.75
3488,4383591.5
3490,1640686.5
3492,897267.5
3494,2971384.8
3495,2055798.2
3496,1988479.8
3497,1581524.5
3500,12866666.0
3504,1002592.0
3508,1404468.0
3511,3120849.5
3513,4883191.5
3514,952599.5
3515,273486.25
3516,394208.5
3521,4218669.5
3522,380101.0
3524,854280.75
3527,1980666.5
3534,1250021.8
3535,315828.0
3538,772902.5
3541,1369660.5
3542,734105.5
3543,2228073.2
3544,3704691.0
3545,1829254.5
3546,1386734.5
3547,2176065.0
3549,511296.0
3550,614838.5
3552,871846.75
3553,2488913.8
3555,577713.25
3556,1474130.5
3558,867041.75
3561,759799.75
3562,1875380.0
3564,486029.5
3568,6149069.0
3570,481305.75
3578,3013810.8
3579,461983.75
3580,1807627.8
3582,345870.5
3583,213532.0
3584,4791560.5
3589,2047747.5
3590,1621790.5
3591,497657.5
3593,348335.0
3594,3905836.5
3601,1238843.0
3606,957979.5
3609,4828294.5
3611,1586071.8
3615,1420280.0
3619,1933910.0
3621,1124671.5
3624,2240011.0
3626,9146536.0
3631,2646738.5
3633,222269.0
3636,664470.25
3640,2270088.2
3643,582796.25
3644,29972200.0
3646,1322556.0
3649,1030020.0
3652,8825177.0
3653,1623694.2
3656,2449538.8
3658,1095853.2
3659,6757995.0
3660,1336512.5
3667,8903356.0
3670,1920771.0
3671,5306458.0
3673,620014.25
3674,2255184.5
3676,6167123.5
3677,3827606.2
3678,1051251.5
3679,2424752.2
3681,244147.0
3683,2510046.5
3687,1475634.0
3692,229282.5
3693,1082650.2
3695,925758.25
3696,8347728.5
3698,314296.75
3700,531354.75
3701,818423.25
3703,2961542.5
3706,766895.25
3708,3271166.2
3709,572108.5
3710,247153.25
3713,1765417.5
3714,582303.0
3715,695556.5
3716,407824.0
3722,1494084.8
3724,466230.5
3726,1409615.2
3731,14454404.0
3732,1329814.0
3733,632913.0
3735,1726043.8
3737,416997.5
3738,211142.0
3742,1060609.0
3743,3142861.2
3746,22598810.0
3747,9404501.0
3748,101537.0
3751,390357.25
3758,1112418.2
3766,847254.5
3772,4897199.5
3773,124452.0
3785,6635325.0
3791,50881504.0
3793,8431454.0
3795,444561.0
3798,1743747.8
3802,978148.5
3804,4230742.5
3806,2816129.5
3811,1083949.0
3814,1787754.2
3820,539135.0
3822,820695.5
3823,811181.5
3829,474437.5
3833,3344147.8
3834,987367.0
3835,2320471.8
3836,3872547.2
3838,153008.75
3839,1746272.0
3840,1189689.8
3841,1580057.5
3844,282120.5
3846,229881.5
3849,237353.0
3851,218926.0
3852,1451099.8
3853,295257.75
3854,203858.25
3859,199273.25
3861,1533755.0
3862,1309766.0
3867,1071456.5
3869,236705.75
3870,859480.0
3873,285873.0
3875,33986104.0
3876,274180.75
3883,2480380.5
3885,13458402.0
3887,3570681.2
3889,233464.0
3891,6071636.5
3893,6065497.0
3894,6156278.0
3895,6052035.0
3896,2095023.0
3897,4101492.0
3898,4364554.0
3899,90757.0
3900,1653665.5
3902,1329520.2
3903,321635.0
3908,6253362.0
3909,1443262.2
3910,1921820.2
3913,236386.5
3914,1489772.5
3915,216586.75
3917,195766.5
3920,2832371.5
3926,905676.75
3931,6021630.0
3932,296411.75
3933,199200.5
3935,1027560.25
3937,240824.5
3938,5286583.5
3940,266266.5
3942,226321.5
3943,226996.25
3944,1924018.5
3945,3209692.8
3949,238955.5
3951,4139313.0
3954,4603059.5
3956,330690.25
3968,4745479.5
3979,1777535.0
3980,1563378.0
3981,9011654.0
3982,1312619.0
3984,623891.25
3986,1637137.2
3987,6441330.0
3990,5986184.0
3992,226996.25
3994,11252482.0
4006,1012356.0
4007,325432.0
4013,5139242.5
4014,312919.75
4019,6200696.5
4021,273194.75
4022,9126084.0
4025,272323.0
4036,268442.25
4038,32650844.0
4043,1284045.2
4044,240824.5
4046,6018599.0
4047,300218.75
4048,6123195.5
4049,1046683.5
4051,6106075.5
4053,190638.0
4056,25243472.0
4060,522312.5
4061,186669.25
4065,1097764.8
4068,5987355.0
4069,1764639.0
4074,2001879.0
4075,593786.75
4076,2246122.5
4079,193442.0
4082,233731.0
4083,2097191.2
4089,18873246.0
4090,6016111.5
4095,8657848.0
4106,223919.25
4107,1133524.5
4111,9443297.0
4118,2786190.8
4122,1459162.0
4125,1350955.5
4127,1733388.5
4129,20578936.0
4137,2502910.5
4139,1345678.8
4141,226996.25
4148,316930.0
4149,737335.0
4152,222504.75
4153,1188389.2
4158,328774.25
4162,6171540.0
4164,410991.5
4169,684184.75
4174,246716.75
4175,1381522.0
4176,621452.0
4177,1568814.8
4178,621477.5
4180,14860412.0
4181,6129032.0
4182,296411.75
4183,1378605.5
4186,209103.0
4187,6046399.0
4188,669218.5
4192,186655.0
4196,1137656.8
4197,1119731.0
4201,583864.25
4204,1343380.5
4207,351859.25
4214,216348.25
4216,7573893.5
4218,534282.0
4226,1214919.2
4227,321189.5
4228,3437022.8
4233,658231.5
4235,388868.5
4236,1683499.8
4240,210740.75
4241,226996.25
4244,6373871.5
4245,42937828.0
4246,1745874.2
4247,8850874.0
4251,256736.5
4253,235626.0
4257,24994496.0
4258,345665.75
4259,6144374.0
4261,265442.25
4267,861614.5
4269,154490.25
4273,6070215.0
4275,432946.75
4284,1609032.2
4285,1038040.5
4286,2452488.0
4287,3301902.8
4293,2695160.0
4294,2353969.5
4296,2885507.0
4297,384197.0
4299,233731.0
4312,257155.75
4313,1777774.0
4315,943615.5
4320,192211.75
4321,226996.25
4322,3122814.8
4324,6673526.5
4326,795735.75
4329,1890134.5
4331,185588.25
4333,1617771.2
4334,372387.75
4335,1415502.5
4336,5774667.5
4344,431201.0
4345,3200184.2
4353,223935.75
4354,447718.25
4355,285909.0
4362,9289954.0
4365,405865.75
4370,1513810.0
4372,1862363.8
4373,264679.75
4377,243598.25
4382,361807.0
4384,1931830.0
4386,273230.25
4387,213168.25
4390,199951.0
4393,226372.0
4399,2067547.8
4401,260712.5
4402,4356110.5
4407,6116787.5
4409,233839.0
4422,346259.75
4423,540551.0
4424,292638.0
4433,982880.0
4434,22286320.0
4435,550995.25
4438,17739004.0
4442,262788.0
4445,5980851.0
4447,422430.25
4453,2234410.2
4455,855795.5
4460,2534663.5
4462,337895.5
4463,1481555.8
4470,268442.25
4471,576537.75
4473,373680.0
4474,322861.75
4475,326903.0
4484,1186889.0
4485,1810167.2
4487,262261.0
4489,268618.0
4492,268762.25
4497,274180.75
4499,3457115.0
4502,278033.75
4505,5183323.5
4507,1793630.5
4508,24831712.0
4509,1742656.2
4510,210078.75
4513,1188483.5
4515,410937.75
4516,944747.5
4521,1343122.5
4522,2950436.5
4523,188520.5
4528,274180.75
4529,1843268.0
4530,378514.75
4531,5988070.5
4534,991997.5
4537,6001535.0
4542,6876055.5
4544,498208.25
4547,1557682.0
4549,1823330.5
4550,277956.75
4554,436914.75
4555,337970.75
4561,517432.25
4566,6000114.0
4569,319852.5
4574,1369528.2
4575,5954957.5
4578,381568.25
4579,185588.25
4583,238477.5
4585,1040081.5
4586,885387.0
4588,1800412.0
4590,90257950.0
4593,1778435.2
4597,6012575.5
4598,1997373.8
4599,226996.25
4601,1532452.0
4603,7008109.5
4606,18037716.0
4616,5230110.0
4621,5993524.0
4623,1787106.8
4636,978097.5
4640,574957.5
4647,992673.0
4649,12930450.0
4650,332697.0
4654,422430.25
4655,1610493.5
4661,185239.25
4664,2218929.5
4665,1433535.0
4674,2708083.0
4677,2125157.5
4682,3696819.8
4686,245289.25
4688,1739326.8
4689,867723.0
4696,348541.75
4697,308423.25
4699,430948.75
4702,415234.0
4708,3316148.2
4720,1482280.5
4726,18135934.0
4744,473345.5
4753,1525777.5
4759,387208.75
4760,549033.75
4765,535876.25
4769,105105040.0
4772,1786084.5
4774,979117.25
4775,1918522.5
4776,1238554.2
4777,970120.0
4785,1364079.2
4787,648645.5
4788,1103353.2
4789,576661.5
4792,540616.75
4794,423681.5
4800,1798546.8
4801,1989344.0
4802,1136549.0
4807,1468894.2
4810,544484.5
4812,1455490.2
4838,5608708.0
4839,204754.5
4840,253050.75
4842,1744015.0
4843,449765.0
4849,1824701.2
4850,1342560.0
4851,273438.0
4858,641789.75
4862,997270.75
4863,2759249.8
4868,1833264.5
4873,43094044.0
4890,1433835.5
4904,565198.5
4913,607897.75
4914,363724.25
4923,2156585.2
4932,284404.5
4933,594692.5
4939,1730770.5
4940,1687361.5
4959,1426301.0
4967,954166.75
4971,1827802.5
4985,1505209.2
4988,2708234.5
4992,1151087.8
4994,3457969.2
5002,1637047.5
5006,462833.75
5007,734371.25
5010,635388.5
5015,291536.5
5018,1750444.5
5026,38488956.0
5029,307451.0
5035,4683536.0
5040,1751415.0
5048,5368796.5
5050,1371389.8
5057,1418558.5
5059,739151.75
5060,1907290.8
5065,1342560.2
5070,1523398.0
5075,2650383.2
5077,2338154.2
5079,1106228.0
5080,784368.75
5083,1327731.0
5090,1757046.0
5096,3238837.5
5097,1825509.0
5103,394341.0
5108,408776.0
5128,1561171.8
5133,898918.25
5149,323302.5
5157,548859.25
5165,15118416.0
5174,295847.0
5175,1398805.8
5177,1743685.2
5185,1989203.0
5207,947444.25
5215,281586.75
5219,1757884.2
5220,362928.5
5223,1764164.8
5226,15791570.0
5236,1481520.0
5240,932789.0
5241,392686.0
5246,6197240.0
5248,1420922.0
5249,457439.75
5255,1403628.0
5257,1939949.5
5258,512820.0
5260,1734225.0
5261,4840278.0
5262,644481.5
5272,849295.25
5276,1277797.0
5279,1957251.0
5284,1337048.2
5287,1155512.8
5288,1381712.5
5302,2428172.2
5315,1868070.0
5319,721488.0
5326,1044160.5
5334,1714095.5
5335,1560009.2
5340,1367672.5
5341,614217.0
5349,330175.5
5355,1703113.0
5356,387287.0
5357,1074658.5
5362,1974157.5
5364,10767436.0
5370,514904.75
5371,265604.5
5373,378073.25
5397,1448776.2
5401,475992.0
5404,1347376.5
5408,1011796.75
5409,537675.75
5427,351023.25
5439,814233.0
5441,1416698.2
5445,829571.0
5450,418187.25
5451,2948940.8
5459,1730615.0
5463,241195.5
5465,876132.5
5468,621331.75
5472,1837410.5
5473,723646.0
5480,561831.5
5481,1456905.0
5482,2143380.0
5501,527346.25
5516,1084957.8
5521,945473.5
5534,1718997.0
5550,551289.5
5566,813352.5
5572,236136.5
5589,1063502.0
5595,952564.5
5599,1110544.5
5601,1380366.0
5604,2176708.8
5619,354661.25
5621,943354.0
5631,643270.75
5646,1366862.0
5647,1063306.0
5653,1212637.8
5657,833916.5
5659,9438200.0
5664,19948130.0
5667,294902.5
5670,9523056.0
5676,1751105.0
5679,1413895.0
5687,707803.5
5688,2363154.5
5690,3318102.5
5693,42772932.0
5694,666525.75
5701,223228.25
5703,1772499.2
5710,2109190.0
5720,186894.25
5726,378073.25
5734,11278332.0
5738,1374823.8
5740,1951409.5
5743,405908.75
5744,714643.5
5750,1378015.5
5751,1448776.5
5752,1434533.5
5756,1110432.8
5761,1186101.5
5771,258950.25
5772,1205412.0
5773,3744922.5
5787,1869418.0
5788,1688227.0
5790,1459554.5
5791,215959.0
5798,1478302.5
5812,1350184.0
5813,539030.25
5818,1975317.2
5821,2095865.5
5829,222199.75
5830,1407101.2
5831,790285.0
5842,695809.25
5845,1066507.5
5850,1423424.8
5854,3984432.5
5857,311924.0
5882,2669261.0
5901,48975.5
5975,203910.25
6014,1480643.5
6022,2253459.5
6027,260213.5
6037,72014.5
6045,818995.0
6051,350727.75
6104,1181066.0
6124,382165.0
6129,5824338.5
6140,1809397.0
6195,4608.5
6261,9386862.0
6364,1740255.5
6416,332817.0
6464,857248.5
6544,126326.5
6553,1160267.5
6566,308119.0
6622,393729.5
6629,2901355.5
6641,341552.25
6673,9104496.0
6796,68363.25
6811,575370.75
6817,1196816.0
6852,535221.25
6918,1169568.8
6966,307660.0
6974,11458202.0
7014,1681944.5
7017,931228.5
7029,131393.75
7057,1060420.5
7068,3175068.0
7090,219278.0
7118,427698.25
7175,17795030.0
7236,30216088.0
7347,153624.0
7394,532099.75
7402,3539167.0
7460,88162.75
7536,240425.75
7581,399931.75
7591,12418960.0
7641,791382.5
7660,1233228.8
7687,475814.5
7727,890023.0
7748,501570.25
7750,19556196.0
7759,1796460.5
7812,676915.25
7834,15903702.0
7835,403885.0
7908,292165.5
7929,2782647.0
7940,1878640.5
7959,10971237.0
7965,3482578.0
8075,5607056.0
8229,24006988.0
8256,660304.75
8273,3338101.5
8323,990525.5
8338,24982868.0
8390,1217347.0
8472,224645.25
8524,479901.0
8569,4448949.5
8580,303265.0
8584,1763752.8
8761,1552895.5
8784,797245.25
8809,255406.5
8836,2445010.0
8866,15984852.0
8887,21677612.0
8888,2140353.5
8969,980632.0
9017,15706334.0
9141,28919148.0
9153,4447489.5
9172,2694167.5
9178,635222.5
9207,1562386.5
9285,1217830.2
9290,19402588.0
9333,3831647.0
9390,281996.0
9403,321513.5
9450,45681770.0
9451,383245.75
9518,393243.5
9606,3169760.5
9634,670643.25
9643,243636.5
9664,10505862.0
9684,1829693.5
9710,1941612.0
9721,2638703.5
9730,705921.5
9737,76295370.0
9742,838964.5
9780,342634.25
9818,947691.5
9903,207513.25
10027,317188.5
10034,547189.0
10037,425654.5
10104,446584.5
10137,195387.25
10179,1630297.2
10181,3676287.0
10194,1775229.5
10241,2289063.0
10249,269918750.0
10251,6047739.0
10321,2229039.5
10330,13392500.0
10340,19955804.0
10341,1480780.5
10347,2403047.0
10388,241606.5
10400,1495853.0
10451,476188.25
10464,955347.5
10553,414026.75
10621,237184.0
10775,4598804.5
10814,6255584.5
10835,1817638.0
10849,7194341.0
10860,2517621.0
10952,4137618.5
10953,608756.5
10967,2544738.0
11006,7973962.0
11060,1456640.5
11088,3260606.5
11114,3209233.0
11129,6951136.5
11167,807661.25
11219,51384428.0
11242,5499956.5
11277,454526.75
11305,659778.5
11307,3353849.0
11311,649411.0
11340,304323.5
11365,10136121.0
11380,20825206.0
11396,24002444.0
11470,1595240.2
11492,25603910.0
11510,502033.75
11530,516077.0
11727,2995902.5
11747,174630.5
11749,1411251.5
11846,28454372.0
11850,5692057.0
11864,697164.0
11876,913522.75
11902,6296630.5
11925,261158.5
